Workbook

Sheet Dashboard
A2: ReefSafe decision dashboard
A3: Observed reef evidence + cautious next-observation screening | Malaysia, 2012–2025
A5: Selected island | B5: Labuan | E5: Change the yellow cell to inspect any monitored island
A7: Current LCC | D7: Observed change | G7: Predicted next change | J7: Priority
A8: =IFERROR(VLOOKUP($B$5,Priority_Data!$A$2:$M$41,4,FALSE),"") -> 24.23 | D8: =IFERROR(VLOOKUP($B$5,Priority_Data!$A$2:$M$41,5,FALSE),"") -> -7.345 | G8: =IFERROR(VLOOKUP($B$5,Priority_Data!$A$2:$M$41,7,FALSE),"") -> -14.417288 | J8: =IFERROR(VLOOKUP($B$5,Priority_Data!$A$2:$M$41,10,FALSE),"") -> High screening priority
A10: Uncertainty interval | B10: =IFERROR(TEXT(VLOOKUP($B$5,Priority_Data!$A$2:$M$41,8,FALSE),"0.0")&" to "&TEXT(VLOOKUP($B$5,Priority_Data!$A$2:$M$41,9,FALSE),"0.0")&" pp/yr","") -> -30.7 to -0.8 pp/yr | E10: Intervals are empirical screening bands, not causal or site-specific certainty.
A12: Observed evidence
A13: =IFERROR(VLOOKUP($B$5,Priority_Data!$A$2:$M$41,11,FALSE),"") -> NOAA thermal stress observed
A15: Recommended next step
A16: =IFERROR(VLOOKUP($B$5,Priority_Data!$A$2:$M$41,12,FALSE),"") -> Coordinate bleaching survey; do not attribute thermal loss to visitors
A37: Island | B37: State | C37: Current LCC | D37: Predicted change | E37: Evidence | H37: Model | I37: MAE | J37: RMSE | K37: R²
A38: =Priority_Data!A2 -> Labuan | B38: =Priority_Data!C2 -> W.P. Labuan | C38: =Priority_Data!D2 -> 24.23 | D38: =Priority_Data!G2 -> -14.417288 | E38: =Priority_Data!K2 -> NOAA thermal stress observed | H38: =Model_Check!A2 -> Baseline mean | I38: =Model_Check!B2 -> 5.991 | J38: =Model_Check!C2 -> 8.1 | K38: =Model_Check!D2 -> -0.019
A39: =Priority_Data!A3 -> Kapas | B39: =Priority_Data!C3 -> Terengganu | C39: =Priority_Data!D3 -> 52.63 | D39: =Priority_Data!G3 -> -5.7510548 | E39: =Priority_Data!K3 -> Modelled decline; no single dominant observed stressor | H39: =Model_Check!A3 -> Ridge regression | I39: =Model_Check!B3 -> 5.99 | J39: =Model_Check!C3 -> 7.939 | K39: =Model_Check!D3 -> 0.021
A40: =Priority_Data!A4 -> Seri Buat | B40: =Priority_Data!C4 -> Pahang | C40: =Priority_Data!D4 -> 54.22 | D40: =Priority_Data!G4 -> -5.1547029 | E40: =Priority_Data!K4 -> Anchor impact mentioned in Reef Check report | H40: =Model_Check!A4 -> Gradient boosting | I40: =Model_Check!B4 -> 5.862 | J40: =Model_Check!C4 -> 7.741 | K40: =Model_Check!D4 -> 0.069
A41: =Priority_Data!A5 -> Mertang | B41: =Priority_Data!C5 -> Johor | C41: =Priority_Data!D5 -> 58.33 | D41: =Priority_Data!G5 -> -5.0266139 | E41: =Priority_Data!K5 -> Anchor impact mentioned in Reef Check report | H41: =Model_Check!A5 -> Random forest | I41: =Model_Check!B5 -> 6.074 | J41: =Model_Check!C5 -> 8.016 | K41: =Model_Check!D5 -> 0.002
A42: =Priority_Data!A6 -> Mensirip | B42: =Priority_Data!C6 -> Johor | C42: =Priority_Data!D6 -> 54.17 | D42: =Priority_Data!G6 -> -4.8498589 | E42: =Priority_Data!K6 -> Waste or pollution indicator is elevated
A43: =Priority_Data!A7 -> Tenggol | B43: =Priority_Data!C7 -> Terengganu | C43: =Priority_Data!D7 -> 54.17 | D43: =Priority_Data!G7 -> -4.6395895 | E43: =Priority_Data!K7 -> Waste or pollution indicator is elevated | H43: Model check | I43: Gradient boosting MAE 5.86 pp/yr vs baseline 5.99 pp/yr (+2.1%). R² 0.069. NOAA heat is context only. Use the model to rank field checks, not as proof of tourism causality.
A44: =Priority_Data!A8 -> Tinggi | B44: =Priority_Data!C8 -> Johor | C44: =Priority_Data!D8 -> 52.5 | D44: =Priority_Data!G8 -> -4.6252273 | E44: =Priority_Data!K8 -> Anchor impact mentioned in Reef Check report
A45: =Priority_Data!A9 -> Lima | B45: =Priority_Data!C9 -> Johor | C45: =Priority_Data!D9 -> 51.88 | D45: =Priority_Data!G9 -> -4.3729979 | E45: =Priority_Data!K9 -> Anchor impact mentioned in Reef Check report
A46: =Priority_Data!A10 -> Sibu | B46: =Priority_Data!C10 -> Johor | C46: =Priority_Data!D10 -> 52.81 | D46: =Priority_Data!G10 -> -4.3361717 | E46: =Priority_Data!K10 -> Anchor impact mentioned in Reef Check report
A47: =Priority_Data!A11 -> Lankayan | B47: =Priority_Data!C11 -> Sabah | C47: =Priority_Data!D11 -> 51.04 | D47: =Priority_Data!G11 -> -4.0730636 | E47: =Priority_Data!K11 -> NOAA thermal stress observed

Sheet Priority_Data
A1: Island | B1: Rank | C1: State | D1: Current LCC (%) | E1: Observed change (pp/yr) | F1: Max DHW (context only) | G1: Predicted next change (pp/yr) | H1: Lower | I1: Upper | J1: Priority tier | K1: Evidence | L1: Recommended next step | M1: Source confidence
A2: Labuan | B2: 1 | C2: W.P. Labuan | D2: 24.23 | E2: -7.345 | F2: 4.04 | G2: -14.417288 | H2: -30.671674 | I2: -0.75527129 | J2: High screening priority | K2: NOAA thermal stress observed | L2: Coordinate bleaching survey; do not attribute thermal loss to visitors | M2: PDF geometry only - not cross-checked
A3: Kapas | B3: 2 | C3: Terengganu | D3: 52.63 | E3: 5.11 | F3: 2.05 | G3: -5.7510548 | H3: -22.00544 | I3: 7.9109621 | J3: High screening priority | K3: Modelled decline; no single dominant observed stressor | L3: Prioritise field validation before imposing restrictions | M3: mixed - markdown primary, PDF filled gaps
A4: Seri Buat | B4: 3 | C4: Pahang | D4: 54.22 | E4: -7.84 | F4: 2.05 | G4: -5.1547029 | H4: -21.409088 | I4: 8.5073141 | J4: High screening priority | K4: Anchor impact mentioned in Reef Check report | L4: Inspect mooring availability and anchoring controls | M4: mixed - markdown primary, PDF filled gaps
A5: Mertang | B5: 4 | C5: Johor | D5: 58.33 | E5: -11.25 | F5: 1.88 | G5: -5.0266139 | H5: -21.280999 | I5: 8.6354031 | J5: High screening priority | K5: Anchor impact mentioned in Reef Check report | L5: Inspect mooring availability and anchoring controls | M5: mixed - markdown primary, PDF filled gaps
A6: Mensirip | B6: 5 | C6: Johor | D6: 54.17 | E6: -4.66 | F6: 1.88 | G6: -4.8498589 | H6: -21.104244 | I6: 8.812158 | J6: High screening priority | K6: Waste or pollution indicator is elevated | L6: Inspect waste and wastewater controls | M6: mixed - markdown primary, PDF filled gaps
A7: Tenggol | B7: 6 | C7: Terengganu | D7: 54.17 | E7: -2.91 | F7: 2.05 | G7: -4.6395895 | H7: -20.893975 | I7: 9.0224275 | J7: High screening priority | K7: Waste or pollution indicator is elevated | L7: Inspect waste and wastewater controls | M7: mixed - markdown primary, PDF filled gaps
A8: Tinggi | B8: 7 | C8: Johor | D8: 52.5 | E8: -4.22 | F8: 1.88 | G8: -4.6252273 | H8: -20.879613 | I8: 9.0367897 | J8: High screening priority | K8: Anchor impact mentioned in Reef Check report | L8: Inspect mooring availability and anchoring controls | M8: mixed - markdown primary, PDF filled gaps
A9: Lima | B9: 8 | C9: Johor | D9: 51.88 | E9: -10.4 | F9: 1.88 | G9: -4.3729979 | H9: -20.627383 | I9: 9.2890191 | J9: High screening priority | K9: Anchor impact mentioned in Reef Check report | L9: Inspect mooring availability and anchoring controls | M9: mixed - markdown primary, PDF filled gaps
A10: Sibu | B10: 9 | C10: Johor | D10: 52.81 | E10: 2.08 | F10: 1.88 | G10: -4.3361717 | H10: -20.590557 | I10: 9.3258453 | J10: High screening priority | K10: Anchor impact mentioned in Reef Check report | L10: Inspect mooring availability and anchoring controls | M10: mixed - markdown primary, PDF filled gaps
A11: Lankayan | B11: 10 | C11: Sabah | D11: 51.04 | E11: 1.51 | F11: 4.04 | G11: -4.0730636 | H11: -20.327449 | I11: 9.5889534 | J11: High screening priority | K11: NOAA thermal stress observed | L11: Coordinate bleaching survey; do not attribute thermal loss to visitors | M11: mixed - markdown primary, PDF filled gaps
A12: Sipadan | B12: 11 | C12: Sabah | D12: 55.21 | E12: -8.08 | F12: 4.04 | G12: -4.0610458 | H12: -20.315431 | I12: 9.6009712 | J12: Monitor | K12: NOAA thermal stress observed | L12: Coordinate bleaching survey; do not attribute thermal loss to visitors | M12: mixed - markdown primary, PDF filled gaps
A13: Tun Sakaran Marine Park | B13: 12 | C13: Sabah | D13: 51.77 | E13: -4.01 | F13: 4.04 | G13: -3.9730663 | H13: -20.227452 | I13: 9.6889507 | J13: Monitor | K13: NOAA thermal stress observed | L13: Coordinate bleaching survey; do not attribute thermal loss to visitors | M13: mixed - markdown primary, PDF filled gaps
... A41: Malacca | B41: 40 | C41: Malacca | D41: 32.12 | E41: -1.04 | F41: 2.05 | G41: 3.4835404 | H41: -12.770845 | I41: 17.145557 | J41: Monitor | K41: Anchor impact mentioned in Reef Check report | L41: Inspect mooring availability and anchoring controls | M41: PDF geometry only - not cross-checked

Sheet History_Data
A1: Island | B1: State | C1: Survey year | D1: Live coral cover (%) | E1: Observed change (pp/yr) | F1: Max DHW (context only) | G1: Source confidence
A2: Tioman | B2: Pahang | C2: 2012 | D2: 55.81 | F2: 0.15 | G2: PDF geometry only - not cross-checked
A3: Kapas | B3: Terengganu | C3: 2012 | D3: 58.43 | F3: 0.33 | G3: PDF geometry only - not cross-checked
A4: Babi Tengah | B4: Johor | C4: 2013 | D4: 63.7 | F4: 1.32 | G4: PDF geometry only - not cross-checked
A5: Pemanggil | B5: Johor | C5: 2013 | D5: 48.78 | F5: 1.32 | G5: mixed - markdown primary, PDF filled gaps
A6: Sibu & Tinggi | B6: Johor | C6: 2013 | D6: 55.84 | F6: 1.32 | G6: mixed - markdown primary, PDF filled gaps
A7: Tioman | B7: Pahang | C7: 2013 | D7: 55.81 | E7: 0 | F7: 1.32 | G7: markdown only
A8: Sembilan | B8: Perak | C8: 2013 | D8: 44.61 | F8: 2.69 | G8: mixed - markdown primary, PDF filled gaps
A9: Kota Belud | B9: Sabah | C9: 2013 | D9: 17.41 | F9: 1.88 | G9: mixed - markdown primary, PDF filled gaps
A10: Labuan | B10: W.P. Labuan | C10: 2013 | D10: 56.23 | F10: 1.88 | G10: mixed - markdown primary, PDF filled gaps
A11: Lahad Datu | B11: Sabah | C11: 2013 | D11: 40.87 | F11: 1.88 | G11: mixed - markdown primary, PDF filled gaps
A12: Lankayan | B12: Sabah | C12: 2013 | D12: 54.04 | F12: 1.88 | G12: mixed - markdown primary, PDF filled gaps
A13: Mantanani | B13: Sabah | C13: 2013 | D13: 40.63 | F13: 1.88 | G13: verified - markdown corrected an error in the PDF pass
A14: Mataking | B14: Sabah | C14: 2013 | D14: 36.29 | F14: 1.88 | G14: mixed - markdown primary, PDF filled gaps
A15: Semporna | B15: Sabah | C15: 2013 | D15: 25.98 | F15: 1.88 | G15: mixed - markdown primary, PDF filled gaps
A16: Tun Sakaran Marine Park | B16: Sabah | C16: 2013 | D16: 43.2 | F16: 1.88 | G16: mixed - markdown primary, PDF filled gaps
A17: Tunku Abdul Rahman Park | B17: Sabah | C17: 2013 | D17: 40 | F17: 1.88 | G17: mixed - markdown primary, PDF filled gaps
A18: Kuching | B18: Sarawak | C18: 2013 | D18: 75.7 | F18: 1.85 | G18: mixed - markdown primary, PDF filled gaps
A19: Miri | B19: Sarawak | C19: 2013 | D19: 53.1 | F19: 1.85 | G19: mixed - markdown primary, PDF filled gaps
A20: Bidong & Yu | B20: Terengganu | C20: 2013 | D20: 54.53 | F20: 2.73 | G20: mixed - markdown primary, PDF filled gaps
A21: Kapas | B21: Terengganu | C21: 2013 | D21: 58.43 | E21: 0 | F21: 2.73 | G21: markdown only
A22: Perhentian | B22: Terengganu | C22: 2013 | D22: 56.63 | F22: 2.73 | G22: PDF geometry only - not cross-checked
A23: Redang | B23: Terengganu | C23: 2013 | D23: 54.83 | F23: 2.73 | G23: mixed - markdown primary, PDF filled gaps
A24: Tenggol | B24: Terengganu | C24: 2013 | D24: 56.2 | F24: 2.73 | G24: mixed - markdown primary, PDF filled gaps
A25: Pemanggil | B25: Johor | C25: 2014 | D25: 54.07 | E25: 5.29 | F25: 1.47 | G25: mixed - markdown primary, PDF filled gaps
A26: Sibu | B26: Johor | C26: 2014 | D26: 46.66 | F26: 1.47 | G26: mixed - markdown primary, PDF filled gaps
A27: Tinggi | B27: Johor | C27: 2014 | D27: 61.88 | F27: 1.47 | G27: mixed - markdown primary, PDF filled gaps
A28: Tioman | B28: Pahang | C28: 2014 | D28: 60.4 | E28: 4.59 | F28: 1.47 | G28: mixed - markdown primary, PDF filled gaps
A29: Pangkor Laut | B29: Perak | C29: 2014 | D29: 55.63 | F29: 1.2 | G29: mixed - markdown primary, PDF filled gaps
A30: Sembilan | B30: Perak | C30: 2014 | D30: 33.91 | E30: -10.7 | F30: 1.2 | G30: mixed - markdown primary, PDF filled gaps
A31: Lahad Datu | B31: Sabah | C31: 2014 | D31: 41.58 | E31: 0.71 | F31: 5.17 | G31: mixed - markdown primary, PDF filled gaps
A32: Lankayan | B32: Sabah | C32: 2014 | D32: 46.29 | E32: -7.75 | F32: 5.17 | G32: mixed - markdown primary, PDF filled gaps
A33: Mantanani | B33: Sabah | C33: 2014 | D33: 43.3 | E33: 2.67 | F33: 5.17 | G33: markdown only
A34: Mataking & Pom Pom | B34: Sabah | C34: 2014 | D34: 27.04 | F34: 5.17 | G34: mixed - markdown primary, PDF filled gaps
A35: Semporna | B35: Sabah | C35: 2014 | D35: 39.94 | E35: 13.96 | F35: 5.17 | G35: mixed - markdown primary, PDF filled gaps
A36: Sipadan | B36: Sabah | C36: 2014 | D36: 60.4 | F36: 5.17 | G36: mixed - markdown primary, PDF filled gaps
A37: Tun Sakaran Marine Park | B37: Sabah | C37: 2014 | D37: 50.4 | E37: 7.2 | F37: 5.17 | G37: mixed - markdown primary, PDF filled gaps
A38: Tunku Abdul Rahman Park | B38: Sabah | C38: 2014 | D38: 38.46 | E38: -1.54 | F38: 5.17 | G38: mixed - markdown primary, PDF filled gaps
A39: Usukan Cove | B39: Sabah | C39: 2014 | D39: 38.44 | F39: 5.17 | G39: mixed - markdown primary, PDF filled gaps
A40: Kuching | B40: Sarawak | C40: 2014 | D40: 55 | E40: -20.7 | F40: 1.24 | G40: mixed - markdown primary, PDF filled gaps
A41: Miri | B41: Sarawak | C41: 2014 | D41: 52.08 | E41: -1.02 | F41: 1.24 | G41: mixed - markdown primary, PDF filled gaps
A42: Bidong & Yu | B42: Terengganu | C42: 2014 | D42: 54.58 | E42: 0.05 | F42: 5.79 | G42: mixed - markdown primary, PDF filled gaps
A43: Kapas | B43: Terengganu | C43: 2014 | D43: 56.88 | E43: -1.55 | F43: 5.79 | G43: mixed - markdown primary, PDF filled gaps
A44: Perhentian | B44: Terengganu | C44: 2014 | D44: 53.62 | E44: -3.01 | F44: 5.79 | G44: mixed - markdown primary, PDF filled gaps
A45: Redang | B45: Terengganu | C45: 2014 | D45: 58.13 | E45: 3.3 | F45: 5.79 | G45: mixed - markdown primary, PDF filled gaps
A46: Tenggol | B46: Terengganu | C46: 2014 | D46: 53.54 | E46: -2.66 | F46: 5.79 | G46: mixed - markdown primary, PDF filled gaps
A47: Pemanggil | B47: Johor | C47: 2015 | D47: 55.47 | E47: 1.4 | F47: 0 | G47: mixed - markdown primary, PDF filled gaps
A48: Sibu | B48: Johor | C48: 2015 | D48: 51.36 | E48: 4.7 | F48: 0 | G48: mixed - markdown primary, PDF filled gaps
A49: Tinggi | B49: Johor | C49: 2015 | D49: 70 | E49: 8.12 | F49: 0 | G49: verified - markdown corrected an error in the PDF pass
A50: Payar | B50: Kedah | C50: 2015 | D50: 40.42 | F50: 0.63 | G50: mixed - markdown primary, PDF filled gaps
A51: Tioman | B51: Pahang | C51: 2015 | D51: 61.39 | E51: 0.99 | F51: 0 | G51: mixed - markdown primary, PDF filled gaps
A52: Pangkor Laut | B52: Perak | C52: 2015 | D52: 68.75 | E52: 13.12 | F52: 0.63 | G52: mixed - markdown primary, PDF filled gaps
A53: Sembilan | B53: Perak | C53: 2015 | D53: 31.81 | E53: -2.1 | F53: 0.63 | G53: mixed - markdown primary, PDF filled gaps
A54: Balambangan | B54: Sabah | C54: 2015 | D54: 72.29 | F54: 3.68 | G54: mixed - markdown primary, PDF filled gaps
A55: Berungus | B55: Sabah | C55: 2015 | D55: 54.22 | F55: 3.68 | G55: mixed - markdown primary, PDF filled gaps
A56: Kapalai | B56: Sabah | C56: 2015 | D56: 7.63 | F56: 3.68 | G56: mixed - markdown primary, PDF filled gaps
A57: Lahad Datu | B57: Sabah | C57: 2015 | D57: 32.88 | E57: -8.7 | F57: 3.68 | G57: verified - markdown corrected an error in the PDF pass
A58: Lankayan | B58: Sabah | C58: 2015 | D58: 48.21 | E58: 1.92 | F58: 3.68 | G58: mixed - markdown primary, PDF filled gaps
A59: Mabul | B59: Sabah | C59: 2015 | D59: 20.13 | F59: 3.68 | G59: mixed - markdown primary, PDF filled gaps
A60: Maliangin | B60: Sabah | C60: 2015 | D60: 46.68 | F60: 3.68 | G60: mixed - markdown primary, PDF filled gaps
A61: Mantanani | B61: Sabah | C61: 2015 | D61: 41.88 | E61: -1.42 | F61: 3.68 | G61: mixed - markdown primary, PDF filled gaps
A62: Mataking | B62: Sabah | C62: 2015 | D62: 33.64 | E62: -1.325 | F62: 3.68 | G62: mixed - markdown primary, PDF filled gaps
A63: Penyu | B63: Sabah | C63: 2015 | D63: 41.46 | F63: 3.68 | G63: mixed - markdown primary, PDF filled gaps
A64: Semporna | B64: Sabah | C64: 2015 | D64: 31.29 | E64: -8.65 | F64: 3.68 | G64: mixed - markdown primary, PDF filled gaps
A65: Sipadan | B65: Sabah | C65: 2015 | D65: 53.33 | E65: -7.07 | F65: 3.68 | G65: mixed - markdown primary, PDF filled gaps
A66: Tiga | B66: Sabah | C66: 2015 | D66: 29.58 | F66: 3.68 | G66: mixed - markdown primary, PDF filled gaps
A67: Tun Sakaran Marine Park | B67: Sabah | C67: 2015 | D67: 54.11 | E67: 3.71 | F67: 3.68 | G67: mixed - markdown primary, PDF filled gaps
A68: Tunku Abdul Rahman Park | B68: Sabah | C68: 2015 | D68: 32.7 | E68: -5.76 | F68: 3.68 | G68: mixed - markdown primary, PDF filled gaps
A69: Usukan Cove | B69: Sabah | C69: 2015 | D69: 35.63 | E69: -2.81 | F69: 3.68 | G69: mixed - markdown primary, PDF filled gaps
A70: Kuching | B70: Sarawak | C70: 2015 | D70: 69.69 | E70: 14.69 | F70: 1.19 | G70: mixed - markdown primary, PDF filled gaps
A71: Miri | B71: Sarawak | C71: 2015 | D71: 45.73 | E71: -6.35 | F71: 1.19 | G71: mixed - markdown primary, PDF filled gaps
A72: Bidong & Yu | B72: Terengganu | C72: 2015 | D72: 62.5 | E72: 7.92 | F72: 4.48 | G72: mixed - markdown primary, PDF filled gaps
A73: Kapas | B73: Terengganu | C73: 2015 | D73: 53.63 | E73: -3.25 | F73: 4.48 | G73: mixed - markdown primary, PDF filled gaps
A74: Perhentian | B74: Terengganu | C74: 2015 | D74: 50.12 | E74: -3.5 | F74: 4.48 | G74: mixed - markdown primary, PDF filled gaps
A75: Redang | B75: Terengganu | C75: 2015 | D75: 64.12 | E75: 5.99 | F75: 4.48 | G75: mixed - markdown primary, PDF filled gaps
A76: Tenggol | B76: Terengganu | C76: 2015 | D76: 58.65 | E76: 5.11 | F76: 4.48 | G76: mixed - markdown primary, PDF filled gaps
A77: Pemanggil | B77: Johor | C77: 2016 | D77: 48.44 | E77: -7.03 | F77: 7.25 | G77: mixed - markdown primary, PDF filled gaps
A78: Sibu | B78: Johor | C78: 2016 | D78: 63.75 | E78: 12.39 | F78: 7.25 | G78: mixed - markdown primary, PDF filled gaps
... A91: Penyu | B91: Sabah | C91: 2016 | D91: 31.67 | E91: -9.79 | F91: 10.52 | G91: mixed - markdown primary, PDF filled gaps
A92: Pom Pom | B92: Sabah | C92: 2016 | D92: 18.76 | F92: 10.52 | G92: mixed - markdown primary, PDF filled gaps
A93: Sipadan | B93: Sabah | C93: 2016 | D93: 43.49 | E93: -9.84 | F93: 10.52 | G93: verified - markdown corrected an error in the PDF pass
A94: Tiga | B94: Sabah | C94: 2016 | D94: 43.43 | E94: 13.85 | F94: 10.52 | G94: mixed - markdown primary, PDF filled gaps
A95: Tun Sakaran Marine Park | B95: Sabah | C95: 2016 | D95: 47.59 | E95: -6.52 | F95: 10.52 | G95: mixed - markdown primary, PDF filled gaps
A96: Tunku Abdul Rahman Park | B96: Sabah | C96: 2016 | D96: 50.24 | E96: 17.54 | F96: 10.52 | G96: mixed - markdown primary, PDF filled gaps
A97: Usukan Cove | B97: Sabah | C97: 2016 | D97: 33.02 | E97: -2.61 | F97: 10.52 | G97: mixed - markdown primary, PDF filled gaps
A98: Miri | B98: Sarawak | C98: 2016 | D98: 43.65 | E98: -2.08 | F98: 1.79 | G98: mixed - markdown primary, PDF filled gaps
A99: Bidong & Yu | B99: Terengganu | C99: 2016 | D99: 53.34 | E99: -9.16 | F99: 8.15 | G99: mixed - markdown primary, PDF filled gaps
A100: Kapas | B100: Terengganu | C100: 2016 | D100: 50.13 | E100: -3.5 | F100: 8.15 | G100: verified - markdown corrected an error in the PDF pass
A101: Perhentian | B101: Terengganu | C101: 2016 | D101: 51.75 | E101: 1.63 | F101: 8.15 | G101: mixed - markdown primary, PDF filled gaps
A102: Redang | B102: Terengganu | C102: 2016 | D102: 55.41 | E102: -8.71 | F102: 8.15 | G102: mixed - markdown primary, PDF filled gaps
A103: Tenggol | B103: Terengganu | C103: 2016 | D103: 60.31 | E103: 1.66 | F103: 8.15 | G103: mixed - markdown primary, PDF filled gaps
A104: Pemanggil | B104: Johor | C104: 2017 | D104: 51.4 | E104: 2.96 | F104: 0 | G104: mixed - markdown primary, PDF filled gaps
A105: Rawa | B105: Johor | C105: 2017 | D105: 43.75 | F105: 0 | G105: mixed - markdown primary, PDF filled gaps
A106: Sibu | B106: Johor | C106: 2017 | D106: 58.86 | E106: -4.89 | F106: 0 | G106: mixed - markdown primary, PDF filled gaps
A107: Tengah | B107: Johor | C107: 2017 | D107: 46.25 | F107: 0 | G107: mixed - markdown primary, PDF filled gaps
A108: Tinggi | B108: Johor | C108: 2017 | D108: 64.53 | E108: 0.31 | F108: 0 | G108: mixed - markdown primary, PDF filled gaps
A109: Payar | B109: Kedah | C109: 2017 | D109: 51.38 | E109: 7 | F109: 0.15 | G109: mixed - markdown primary, PDF filled gaps
A110: Tioman | B110: Pahang | C110: 2017 | D110: 66.37 | E110: 6.89 | F110: 0 | G110: mixed - markdown primary, PDF filled gaps
A111: Pangkor Laut | B111: Perak | C111: 2017 | D111: 66.25 | E111: -22.5 | F111: 0.15 | G111: verified - markdown corrected an error in the PDF pass
A112: Sembilan | B112: Perak | C112: 2017 | D112: 23.54 | E112: -7.64 | F112: 0.15 | G112: mixed - markdown primary, PDF filled gaps
...

Sheet Model_Check
A1: Model | B1: MAE (pp/yr) | C1: RMSE (pp/yr) | D1: R² | F1: Check | G1: Value
A2: Baseline mean | B2: 5.991 | C2: 8.1 | D2: -0.019 | F2: Evaluation design | G2: Expanding-window evaluation on the five latest target years
A3: Ridge regression | B3: 5.99 | C3: 7.939 | D3: 0.021 | F3: Forward evaluation rows | G3: 183
A4: Gradient boosting | B4: 5.862 | C4: 7.741 | D4: 0.069 | F4: Best-model MAE improvement | G4: 0.021488199
A5: Random forest | B5: 6.074 | C5: 8.016 | D5: 0.002 | F5: Decision status | G5: Screening only. NOAA heat is context, not a production-model feature.
F7: Survey year | G7: National mean LCC (%)
F8: 2012 | G8: 57.12
F9: 2013 | G9: 49.181429
F10: 2014 | G10: 49.192273
F11: 2015 | G11: 47.31
F12: 2016 | G12: 44.462963
F13: 2017 | G13: 43.265517
F14: 2018 | G14: 41.34
F15: 2019 | G15: 42.153333
F16: 2020 | G16: 41.3584
F17: 2021 | G17: 43.638571
F18: 2022 | G18: 47.55814
F19: 2023 | G19: 46.798864
... F21: 2025 | G21: 39.8185
